﻿<?xml version="1.0" encoding="utf-8" standalone="yes"?>
<CodeSnippetCollection xmlns="http://www.w3.org/2001/XMLSchema">
 <CodeSnippets>
  <Snippet>
   <Header>
    <Title>Library File Includes</Title>
    <Shortcut>l0</Shortcut>
    <Description>Code snippet for library file includes</Description>
    <Author>Customer</Author>
    <SnippetTypes>
     <SnippetType>Expansion</SnippetType>
     <SnippetType>SurroundsWith</SnippetType>
    </SnippetTypes>
   </Header>
   <Declarations>
    <Declaration>
     <Literals>
      <Literal>
       <ID>filler</ID>
       <Default>filler</Default>
       <ToolTip>Replace filler with current library name</ToolTip>
      </Literal>
     </Literals>
    </Declaration>
   </Declarations>
   <Code Delimiter="$" Kind="" Language="ANSI C">#include &lt;bur/plctypes.h&gt;

#ifdef __cplusplus
extern "C"
{
#endif

// TODO: Replace filler with current library name
#include &lt;$filler$.h&gt;

#ifdef __cplusplus
};
#endif
</Code>
   <ImageIndex>43</ImageIndex>
  </Snippet>
  <Snippet>
   <Header>
    <Title>Program File Includes</Title>
    <Shortcut>p0</Shortcut>
    <Description>Code snippet for program file includes</Description>
    <Author>Customer</Author>
    <SnippetTypes>
     <SnippetType>Expansion</SnippetType>
     <SnippetType>SurroundsWith</SnippetType>
    </SnippetTypes>
   </Header>
   <Declarations>
    <Declaration>
     <Literals />
    </Declaration>
   </Declarations>
   <Code Delimiter="$" Kind="" Language="ANSI C">#include &lt;bur/plctypes.h&gt;

#ifdef _DEFAULT_INCLUDES
#include &lt;AsDefault.h&gt;
#endif
</Code>
   <ImageIndex>43</ImageIndex>
  </Snippet>
  <Snippet>
   <Header>
    <Title>File Header</Title>
    <Shortcut>h0</Shortcut>
    <Description>Code snippet for a file header</Description>
    <Author>Customer</Author>
    <SnippetTypes>
     <SnippetType>Expansion</SnippetType>
     <SnippetType>SurroundsWith</SnippetType>
    </SnippetTypes>
   </Header>
   <Declarations>
    <Declaration>
     <Literals>
      <Literal>
       <ID>author</ID>
       <Default>$(AS_USER_NAME)</Default>
       <ToolTip>Author</ToolTip>
      </Literal>
      <Literal>
       <ID>company</ID>
       <Default>$(AS_COMPANY_NAME)</Default>
       <ToolTip>Company</ToolTip>
      </Literal>
      <Literal>
       <ID>date</ID>
       <Default>$(AS_DATE)</Default>
       <ToolTip>Creation date</ToolTip>
      </Literal>
      <Literal>
       <ID>time</ID>
       <Default>$(AS_TIME)</Default>
       <ToolTip>Creation time</ToolTip>
      </Literal>
      <Literal>
       <ID>file</ID>
       <Default>file</Default>
       <ToolTip />
      </Literal>
     </Literals>
    </Declaration>
   </Declarations>
   <Code Delimiter="$" Kind="" Language="ANSI C">/*!
* @file        $file$
* @brief       状态码数据捕捉与获取
* @date        创建于：$date$/$time$；最后修改日期：$date$/$time$ 
* @version     V1.00.1
* @author      $author$
* @copyright   B&amp;R
*/
/*! History
 *****************************************************************************
 *     2021.05.16    V1.00.1   $author$
 *         (new)     初步实现
 ******************************************************************************
*/</Code>
   <ImageIndex>43</ImageIndex>
  </Snippet>
  <Snippet>
   <Header>
    <Title>comment</Title>
    <Shortcut>c0</Shortcut>
    <Description>Inserts comment brackets</Description>
    <Author>Customer</Author>
    <SnippetTypes>
     <SnippetType>Expansion</SnippetType>
     <SnippetType>SurroundsWith</SnippetType>
    </SnippetTypes>
   </Header>
   <Declarations>
    <Declaration>
     <Literals>
      <Literal>
       <ID>content</ID>
       <Default>content</Default>
       <ToolTip>content</ToolTip>
      </Literal>
     </Literals>
    </Declaration>
   </Declarations>
   <Code Delimiter="$" Kind="" Language="ANSI C Snippets">/*----------------- $selected$$content$---------------*/$end$
</Code>
   <ImageIndex>43</ImageIndex>
  </Snippet>
  <Snippet>
   <Header>
    <Title>commentShort</Title>
    <Shortcut>cc0</Shortcut>
    <Description>Insert comment brackets</Description>
    <Author>Customer</Author>
    <SnippetTypes>
     <SnippetType>Expansion</SnippetType>
     <SnippetType>SurroundsWith</SnippetType>
    </SnippetTypes>
   </Header>
   <Declarations>
    <Declaration>
     <Literals>
      <Literal>
       <ID>content</ID>
       <Default>content</Default>
       <ToolTip>content</ToolTip>
      </Literal>
     </Literals>
    </Declaration>
   </Declarations>
   <Code Delimiter="$" Kind="" Language="ANSI C Snippets">/*--- $selected$$content$ ---*/$end$</Code>
   <ImageIndex>43</ImageIndex>
  </Snippet>
  <Snippet>
   <Header>
    <Title>BigSeperateHeader</Title>
    <Shortcut>hh0</Shortcut>
    <Description />
    <Author>Customer</Author>
    <SnippetTypes>
     <SnippetType>SurroundsWith</SnippetType>
     <SnippetType>Expansion</SnippetType>
     <SnippetType>SurroundsWith</SnippetType>
    </SnippetTypes>
   </Header>
   <Declarations>
    <Declaration>
     <Literals>
      <Literal>
       <ID>content</ID>
       <Default>content</Default>
       <ToolTip>content</ToolTip>
      </Literal>
     </Literals>
    </Declaration>
   </Declarations>
   <Code Delimiter="$" Kind="" Language="ANSI C Snippets">/******************************************************************************************/
/***   $selected$$content$   ***/$end$
/******************************************************************************************/</Code>
   <ImageIndex>43</ImageIndex>
  </Snippet>
  <Snippet>
   <Header>
    <Title>ChangeReason</Title>
    <Shortcut>r0</Shortcut>
    <Description />
    <Author>Customer</Author>
    <SnippetTypes />
   </Header>
   <Declarations>
    <Declaration>
     <Literals>
      <Literal>
       <ID>author</ID>
       <Default>$(AS_USER_NAME)</Default>
       <ToolTip />
      </Literal>
      <Literal>
       <ID>date</ID>
       <Default>$(AS_DATE)</Default>
       <ToolTip />
      </Literal>
      <Literal>
       <ID>time</ID>
       <Default>$(AS_TIME)</Default>
       <ToolTip />
      </Literal>
      <Literal>
       <ID>content</ID>
       <Default>content</Default>
       <ToolTip />
      </Literal>
     </Literals>
    </Declaration>
   </Declarations>
   <Code Delimiter="$" Kind="" Language="ANSI C Snippets">/*$date$/$time$ changed by $author$ : $selected$$content$ */$end$</Code>
   <ImageIndex>43</ImageIndex>
  </Snippet>
 </CodeSnippets>
</CodeSnippetCollection>