﻿<?xml version="1.0" encoding="utf-8" standalone="yes"?>
<CodeSnippetCollection xmlns="http://www.w3.org/2001/XMLSchema">
 <CodeSnippets>
  <Snippet>
   <Header>
    <Title>File Header</Title>
    <Shortcut>h0</Shortcut>
    <Description>Code snippet for a file header</Description>
    <Author>Customer</Author>
    <SnippetTypes>
     <SnippetType>Expansion</SnippetType>
     <SnippetType>SurroundsWith</SnippetType>
    </SnippetTypes>
   </Header>
   <Declarations>
    <Declaration>
     <Literals>
      <Literal>
       <ID>author</ID>
       <Default>$(AS_USER_NAME)</Default>
       <ToolTip>Author</ToolTip>
      </Literal>
      <Literal>
       <ID>company</ID>
       <Default>$(AS_COMPANY_NAME)</Default>
       <ToolTip>Company</ToolTip>
      </Literal>
      <Literal>
       <ID>date</ID>
       <Default>$(AS_DATE)</Default>
       <ToolTip>Creation date</ToolTip>
      </Literal>
      <Literal>
       <ID>time</ID>
       <Default>$(AS_TIME)</Default>
       <ToolTip>Creation time</ToolTip>
      </Literal>
      <Literal>
       <ID>dateReal</ID>
       <Default>202</Default>
       <ToolTip />
      </Literal>
     </Literals>
    </Declaration>
   </Declarations>
   <Code Delimiter="$" Kind="" Language="IEC">(*!
* @file        文件名
* @brief       功能详细说明
* @date        创建于：$dateReal$；
* @author      $author$
* @copyright   B&amp;R
*)
(*! History
 *****************************************************************************
 *     $dateReal$    V1.00.1   $author$
 *         (new)     初步实现
 ******************************************************************************
*)</Code>
   <ImageIndex>43</ImageIndex>
  </Snippet>
  <Snippet>
   <Header>
    <Title>comment</Title>
    <Shortcut>c0</Shortcut>
    <Description>Code snippet for a comment</Description>
    <Author>Customer</Author>
    <SnippetTypes>
     <SnippetType>Expansion</SnippetType>
    </SnippetTypes>
   </Header>
   <Declarations>
    <Declaration>
     <Literals>
      <Literal>
       <ID>text</ID>
       <Default>text</Default>
       <ToolTip />
      </Literal>
     </Literals>
    </Declaration>
   </Declarations>
   <Code Delimiter="$" Kind="" Language="Structured Text Snippets">(*-----------------------$text$-----------------------*)$end$</Code>
   <ImageIndex>43</ImageIndex>
  </Snippet>
  <Snippet>
   <Header>
    <Title>FUNCTION_BLOCK</Title>
    <Shortcut>FUNCTION_BLOCK</Shortcut>
    <Description>Code snippet for a FUNCTION_BLOCK statement</Description>
    <Author>Customer</Author>
    <SnippetTypes>
     <SnippetType>Expansion</SnippetType>
     <SnippetType>SurroundsWith</SnippetType>
    </SnippetTypes>
   </Header>
   <Declarations>
    <Declaration>
     <Literals>
      <Literal>
       <ID>text</ID>
       <Default>NewFunctionBlock</Default>
       <ToolTip>Name of the Function Block</ToolTip>
      </Literal>
     </Literals>
    </Declaration>
   </Declarations>
   <Code Delimiter="$" Kind="" Language="Structured Text Snippets">FUNCTION_BLOCK $text$
	(* Insert code here *)
	$selected$ $end$
END_FUNCTION_BLOCK</Code>
   <ImageIndex>43</ImageIndex>
  </Snippet>
  <Snippet>
   <Header>
    <Title>TODO</Title>
    <Shortcut>t0</Shortcut>
    <Description>待完成事项</Description>
    <Author>Customer</Author>
    <SnippetTypes />
   </Header>
   <Declarations>
    <Declaration>
     <Literals>
      <Literal>
       <ID>date</ID>
       <Default>$(AS_DATE)</Default>
       <ToolTip />
      </Literal>
      <Literal>
       <ID>time</ID>
       <Default>$(AS_TIME)</Default>
       <ToolTip />
      </Literal>
      <Literal>
       <ID>text</ID>
       <Default>text</Default>
       <ToolTip />
      </Literal>
     </Literals>
    </Declaration>
   </Declarations>
   <Code Delimiter="$" Kind="" Language="Structured Text Snippets">(*!!!TODO|$date$/$time$| $text$ *)</Code>
   <ImageIndex>43</ImageIndex>
  </Snippet>
  <Snippet>
   <Header>
    <Title>WHILE</Title>
    <Shortcut>WHILE</Shortcut>
    <Description>Code snippet for a WHILE statement</Description>
    <Author>Customer</Author>
    <SnippetTypes>
     <SnippetType>Expansion</SnippetType>
     <SnippetType>SurroundsWith</SnippetType>
    </SnippetTypes>
   </Header>
   <Declarations>
    <Declaration>
     <Literals>
      <Literal>
       <ID>expression</ID>
       <Default>Condition</Default>
       <ToolTip>Condition</ToolTip>
      </Literal>
     </Literals>
    </Declaration>
   </Declarations>
   <Code Delimiter="$" Kind="" Language="Structured Text Snippets">WHILE $expression$ DO
	$selected$ $end$

END_WHILE;</Code>
   <ImageIndex>43</ImageIndex>
  </Snippet>
  <Snippet>
   <Header>
    <Title>COMMENT1</Title>
    <Shortcut>CC0</Shortcut>
    <Description>COMENT</Description>
    <Author>Customer</Author>
    <SnippetTypes>
     <SnippetType>Expansion</SnippetType>
     <SnippetType>SurroundsWith</SnippetType>
    </SnippetTypes>
   </Header>
   <Declarations>
    <Declaration>
     <Literals>
      <Literal>
       <ID>text</ID>
       <Default>text</Default>
       <ToolTip />
      </Literal>
     </Literals>
    </Declaration>
   </Declarations>
   <Code Delimiter="$" Kind="" Language="Structured Text Snippets">(*--$text$--*)$end$</Code>
   <ImageIndex>43</ImageIndex>
  </Snippet>
  <Snippet>
   <Header>
    <Title>BigSeperateLine</Title>
    <Shortcut>hh0</Shortcut>
    <Description />
    <Author>Customer</Author>
    <SnippetTypes>
     <SnippetType>Expansion</SnippetType>
    </SnippetTypes>
   </Header>
   <Declarations>
    <Declaration>
     <Literals>
      <Literal>
       <ID>content</ID>
       <Default>content</Default>
       <ToolTip>content</ToolTip>
      </Literal>
     </Literals>
    </Declaration>
   </Declarations>
   <Code Delimiter="$" Kind="" Language="Structured Text Snippets">(******************************************************************************************)
(***   $selected$$content$   ***)$end$
(******************************************************************************************)</Code>
   <ImageIndex>43</ImageIndex>
  </Snippet>
  <Snippet>
   <Header>
    <Title>ChangeReason</Title>
    <Shortcut>r0</Shortcut>
    <Description>change reason</Description>
    <Author>Customer</Author>
    <SnippetTypes />
   </Header>
   <Declarations>
    <Declaration>
     <Literals>
      <Literal>
       <ID>author</ID>
       <Default>$(AS_USER_NAME)</Default>
       <ToolTip />
      </Literal>
      <Literal>
       <ID>date</ID>
       <Default>$(AS_DATE)</Default>
       <ToolTip />
      </Literal>
      <Literal>
       <ID>time</ID>
       <Default>$(AS_TIME)</Default>
       <ToolTip />
      </Literal>
      <Literal>
       <ID>content</ID>
       <Default>content</Default>
       <ToolTip />
      </Literal>
     </Literals>
    </Declaration>
   </Declarations>
   <Code Delimiter="$" Kind="" Language="Structured Text Snippets">(*$date$/$time$ changed by $author$ : $selected$$content$ *)$end$</Code>
   <ImageIndex>43</ImageIndex>
  </Snippet>
 </CodeSnippets>
</CodeSnippetCollection>