﻿<?xml version="1.0" encoding="utf-8" standalone="yes"?>
<CodeSnippetCollection xmlns="http://www.w3.org/2001/XMLSchema">
 <CodeSnippets>
  <Snippet>
   <Header>
    <Title>File Header</Title>
    <Shortcut>h0</Shortcut>
    <Description>Code snippet for a file header</Description>
    <Author>Customer</Author>
    <SnippetTypes>
     <SnippetType>Expansion</SnippetType>
     <SnippetType>SurroundsWith</SnippetType>
    </SnippetTypes>
   </Header>
   <Declarations>
    <Declaration>
     <Literals>
      <Literal>
       <ID>author</ID>
       <Default>$(AS_USER_NAME)</Default>
       <ToolTip>Author</ToolTip>
      </Literal>
      <Literal>
       <ID>company</ID>
       <Default>$(AS_COMPANY_NAME)</Default>
       <ToolTip>Company</ToolTip>
      </Literal>
      <Literal>
       <ID>date</ID>
       <Default>$(AS_DATE)</Default>
       <ToolTip>Creation date</ToolTip>
      </Literal>
      <Literal>
       <ID>time</ID>
       <Default>$(AS_TIME)</Default>
       <ToolTip>Creation time</ToolTip>
      </Literal>
     </Literals>
    </Declaration>
   </Declarations>
   <Code Delimiter="$" Kind="" Language="IEC">(*********************************************************************************
 * Copyright: $company$
 * File:      .var
 * Author:    $author$
 * Created:   $date$/$time$
 * Edit:      $date$/$time$
 * Comment：  描述 
 *********************************************************************************)
</Code>
   <ImageIndex>43</ImageIndex>
  </Snippet>
 </CodeSnippets>
</CodeSnippetCollection>